{
  "input_shape": [
    100,
    6
  ],
  "channels": [
    "acc_x",
    "acc_y",
    "acc_z",
    "gyro_x",
    "gyro_y",
    "gyro_z"
  ],
  "sample_rate_hz": 50,
  "threshold": 0.44999999999999996,
  "smoothing": {
    "window": 5,
    "min_pos": 2
  },
  "scaler_mean": [
    0.05667110613179762,
    5.911680678370071,
    0.5610938561314972,
    -0.031114601555315126,
    -0.0008369130885314602,
    0.01380502573391115
  ],
  "scaler_scale": [
    3.970888805410579,
    7.118064766651022,
    4.0089694395123905,
    1.1180749305106135,
    1.1340957271611183,
    0.6986439334466646
  ],
  "test_metrics": {
    "precision": 0.6947285601888277,
    "recall": 0.5674807197943444,
    "f1": 0.6246904846126636,
    "pr_auc": 0.5569331953224897,
    "roc_auc": 0.9561774583173768,
    "n": 50908,
    "n_positive": 1556,
    "confusion_matrix": [
      [
        48964,
        388
      ],
      [
        673,
        883
      ]
    ]
  }
}