{
  "acc": [
    0.9712188839912415,
    0.9694334864616394,
    0.9715332388877869,
    0.9732924699783325,
    0.9746588468551636,
    0.9734277725219727,
    0.975750207901001,
    0.9733361005783081,
    0.9747243523597717,
    0.9702978134155273,
    0.9725241661071777,
    0.9742048382759094,
    0.9755450487136841,
    0.9773173928260803,
    0.9741349816322327,
    0.9739953279495239,
    0.9753180146217346,
    0.9755406379699707,
    0.9767760634422302,
    0.9775182008743286,
    0.9775225520133972,
    0.9776927828788757,
    0.9782952070236206,
    0.9786182641983032,
    0.9781555533409119,
    0.9781511425971985,
    0.978609561920166,
    0.9785964488983154,
    0.9789456725120544,
    0.9791639447212219,
    0.9784131050109863,
    0.9783126711845398,
    0.9781206250190735,
    0.9783650636672974,
    0.9787012338638306,
    0.9784567356109619,
    0.9779765605926514,
    0.9777495265007019,
    0.978408694267273,
    0.9784218072891235,
    0.9781991839408875,
    0.9776666164398193,
    0.9773392081260681,
    0.9774308800697327,
    0.977496325969696,
    0.9774090647697449,
    0.9776840806007385,
    0.9771296381950378,
    0.9771515130996704,
    0.9774134159088135,
    0.9773260951042175,
    0.9778368473052979,
    0.9778106808662415,
    0.9770379662513733,
    0.9771907925605774,
    0.9771907925605774,
    0.9772257208824158,
    0.9769419431686401,
    0.9783432483673096,
    0.9773392081260681
  ],
  "loss": [
    0.00855710543692112,
    0.010328248143196106,
    0.009363539516925812,
    0.009154506959021091,
    0.009137757122516632,
    0.01137145422399044,
    0.011720215901732445,
    0.014825301244854927,
    0.010076048783957958,
    0.013860756531357765,
    0.016248919069767,
    0.010350322350859642,
    0.010706067085266113,
    0.009020152501761913,
    0.012992361560463905,
    0.013578318990767002,
    0.011665893718600273,
    0.011082502081990242,
    0.008770805783569813,
    0.007939809933304787,
    0.008914267644286156,
    0.00781130138784647,
    0.007656799163669348,
    0.007317845243960619,
    0.007794414181262255,
    0.007315886672586203,
    0.0073076714761555195,
    0.0071442206390202045,
    0.006942205596715212,
    0.007020937278866768,
    0.006945344619452953,
    0.0074965935200452805,
    0.0069337161257863045,
    0.007022516336292028,
    0.006890235934406519,
    0.006884344853460789,
    0.007488000672310591,
    0.007108097430318594,
    0.007021633442491293,
    0.0070942118763923645,
    0.007049403619021177,
    0.007703298702836037,
    0.0072550359182059765,
    0.007294453214854002,
    0.0071852682158350945,
    0.007199949584901333,
    0.0077047706581652164,
    0.007380578201264143,
    0.007318614516407251,
    0.007357457187026739,
    0.0072934930212795734,
    0.0075350236147642136,
    0.007337721064686775,
    0.00746573880314827,
    0.007359731942415237,
    0.0073410398326814175,
    0.007353140506893396,
    0.00737485196441412,
    0.007346856873482466,
    0.00744403013959527
  ],
  "pr_auc": [
    0.47130441665649414,
    0.38973096013069153,
    0.4503348469734192,
    0.4938642978668213,
    0.5137348175048828,
    0.42794159054756165,
    0.4853065311908722,
    0.37574076652526855,
    0.49678513407707214,
    0.3473150134086609,
    0.43639081716537476,
    0.49746912717819214,
    0.5128581523895264,
    0.58021080493927,
    0.47565075755119324,
    0.508430540561676,
    0.5172976851463318,
    0.5388367176055908,
    0.5783675909042358,
    0.6225847005844116,
    0.6071689128875732,
    0.6296900510787964,
    0.646621584892273,
    0.6604954600334167,
    0.6466783285140991,
    0.6542258858680725,
    0.6618139147758484,
    0.6652436852455139,
    0.6768996715545654,
    0.676724910736084,
    0.6777552366256714,
    0.6545703411102295,
    0.6720983982086182,
    0.6676146984100342,
    0.6740205883979797,
    0.6758624315261841,
    0.6430662274360657,
    0.6566519141197205,
    0.6626505851745605,
    0.664844274520874,
    0.6607725024223328,
    0.6206402778625488,
    0.6411160826683044,
    0.6431960463523865,
    0.6489543914794922,
    0.6478767991065979,
    0.618403434753418,
    0.6336953043937683,
    0.6322240829467773,
    0.6375982165336609,
    0.6390339136123657,
    0.6246609687805176,
    0.6390662789344788,
    0.6279497742652893,
    0.6343878507614136,
    0.632838785648346,
    0.6358153820037842,
    0.6328249573707581,
    0.6383460164070129,
    0.6323931217193604
  ],
  "roc_auc": [
    0.9611935615539551,
    0.948428213596344,
    0.9561040997505188,
    0.9579298496246338,
    0.9590020179748535,
    0.9467203617095947,
    0.9458136558532715,
    0.9114814400672913,
    0.9369924664497375,
    0.9172409176826477,
    0.9266456961631775,
    0.9400320649147034,
    0.922391414642334,
    0.9520743489265442,
    0.9368945360183716,
    0.944002628326416,
    0.9395635724067688,
    0.9371783137321472,
    0.957930326461792,
    0.96647709608078,
    0.9544986486434937,
    0.9682635068893433,
    0.9686723351478577,
    0.9721556901931763,
    0.96681147813797,
    0.9723243713378906,
    0.9718999266624451,
    0.9737218618392944,
    0.9753144979476929,
    0.9744671583175659,
    0.9752159118652344,
    0.9694967269897461,
    0.9754070043563843,
    0.974500834941864,
    0.9756237864494324,
    0.9753057956695557,
    0.9702702760696411,
    0.9735879898071289,
    0.9743836522102356,
    0.9730643033981323,
    0.9741378426551819,
    0.9682953953742981,
    0.9722906351089478,
    0.9720190167427063,
    0.9726482033729553,
    0.9727691411972046,
    0.9686930179595947,
    0.9710012078285217,
    0.97210294008255,
    0.9713431000709534,
    0.971800684928894,
    0.9706360101699829,
    0.9712896347045898,
    0.9705600142478943,
    0.9713318347930908,
    0.9716386795043945,
    0.9714078307151794,
    0.9711137413978577,
    0.9716165065765381,
    0.9703451991081238
  ],
  "val_acc": [
    0.974034309387207,
    0.974034309387207,
    0.974034309387207,
    0.974034309387207,
    0.974034309387207,
    0.974034309387207,
    0.974034309387207,
    0.974034309387207,
    0.974034309387207,
    0.974034309387207,
    0.974034309387207,
    0.974034309387207,
    0.974034309387207,
    0.974034309387207,
    0.974034309387207,
    0.974034309387207,
    0.9740544557571411,
    0.974034309387207,
    0.974034309387207,
    0.974034309387207,
    0.9740544557571411,
    0.9740746021270752,
    0.9740746021270752,
    0.9740746021270752,
    0.9742155075073242,
    0.9743966460227966,
    0.9743966460227966,
    0.9744973182678223,
    0.9743966460227966,
    0.9743564128875732,
    0.9743564128875732,
    0.9752219319343567,
    0.9752823114395142,
    0.9752621650695801,
    0.9752017855644226,
    0.9751816391944885,
    0.9771944880485535,
    0.977134108543396,
    0.9770737290382385,
    0.977134108543396,
    0.9770938754081726,
    0.9795897603034973,
    0.9795092940330505,
    0.9794690012931824,
    0.9795293807983398,
    0.9794891476631165,
    0.9811598062515259,
    0.9811598062515259,
    0.98117995262146,
    0.98117995262146,
    0.9812604188919067,
    0.9819649457931519,
    0.9820857048034668,
    0.9822266101837158,
    0.9821662306785583,
    0.9821662306785583,
    0.9821460843086243,
    0.9821460843086243,
    0.9824077486991882,
    0.9825285077095032
  ],