{
  "n": 500,
  "max_abs_diff": 1.7881393432617188e-07,
  "mean_abs_diff": 2.6389956886418986e-08,
  "corr": 0.999999999999978
}