{
  "train": {
    "n": 229074,
    "fall_ratio": 0.02641504491998219,
    "subjects": [
      1,
      4,
      5,
      6,
      7,
      9,
      10,
      12,
      13,
      14,
      15,
      16,
      18,
      20,
      21,
      22,
      24,
      29,
      31,
      32,
      33,
      34,
      36,
      37,
      38,
      39,
      40,
      41,
      43,
      44,
      47,
      48,
      50,
      51,
      52,
      53,
      54,
      56,
      59,
      60,
      61,
      62,
      63,
      64,
      65,
      66
    ]
  },
  "val": {
    "n": 49681,
    "fall_ratio": 0.025965660916648217,
    "subjects": [
      3,
      17,
      25,
      27,
      28,
      35,
      42,
      45,
      55,
      67
    ]
  },
  "test": {
    "n": 50908,
    "fall_ratio": 0.03056494067730023,
    "subjects": [
      2,
      8,
      11,
      19,
      23,
      26,
      30,
      46,
      49,
      57,
      58
    ]
  },
  "scaler_mean": [
    0.05667110613179762,
    5.911680678370071,
    0.5610938561314972,
    -0.031114601555315126,
    -0.0008369130885314602,
    0.01380502573391115
  ],
  "scaler_scale": [
    3.970888805410579,
    7.118064766651022,
    4.0089694395123905,
    1.1180749305106135,
    1.1340957271611183,
    0.6986439334466646
  ]
}