{
  "selected_on_val": {
    "threshold": 0.44999999999999996,
    "window": 5,
    "min_pos": 2,
    "f1": 0.7195020746887967
  },
  "test": {
    "precision": 0.6947285601888277,
    "recall": 0.5674807197943444,
    "f1": 0.6246904846126636,
    "pr_auc": 0.5569331953224897,
    "roc_auc": 0.9561774583173768,
    "n": 50908,
    "n_positive": 1556,
    "confusion_matrix": [
      [
        48964,
        388
      ],
      [
        673,
        883
      ]
    ]
  },
  "per_subject_recall": {
    "2": {
      "n": 7756,
      "n_falls": 163,
      "recall": 0.49079754601226994
    },
    "8": {
      "n": 4412,
      "n_falls": 191,
      "recall": 0.32460732984293195
    },
    "11": {
      "n": 4412,
      "n_falls": 169,
      "recall": 0.514792899408284
    },
    "19": {
      "n": 4370,
      "n_falls": 129,
      "recall": 0.7596899224806202
    },
    "23": {
      "n": 4360,
      "n_falls": 121,
      "recall": 0.6694214876033058
    },
    "26": {
      "n": 4358,
      "n_falls": 128,
      "recall": 0.546875
    },
    "30": {
      "n": 456,
      "n_falls": 130,
      "recall": 0.49230769230769234
    },
    "46": {
      "n": 4360,
      "n_falls": 128,
      "recall": 0.6640625
    },
    "49": {
      "n": 4360,
      "n_falls": 141,
      "recall": 0.8014184397163121
    },
    "57": {
      "n": 4361,
      "n_falls": 127,
      "recall": 0.6062992125984252
    },
    "58": {
      "n": 7703,
      "n_falls": 129,
      "recall": 0.5116279069767442
    }
  },
  "per_activity_fpr": {
    "BSC": {
      "n": 809,
      "fpr": 0.00865265760197775
    },
    "CHU": {
      "n": 252,
      "fpr": 0.1111111111111111
    },
    "CSI": {
      "n": 1278,
      "fpr": 0.09937402190923318
    },
    "CSO": {
      "n": 1278,
      "fpr": 0.02034428794992175
    },
    "FKL": {
      "n": 858,
      "fpr": 0.013986013986013986
    },
    "FOL": {
      "n": 869,
      "fpr": 0.02186421173762946
    },
    "JOG": {
      "n": 3519,
      "fpr": 0.0
    },
    "JUM": {
      "n": 3519,
      "fpr": 0.0
    },
    "SBE": {
      "n": 953,
      "fpr": 0.0062959076600209865
    },
    "SBW": {
      "n": 1432,
      "fpr": 0.0013966480446927375
    },
    "SCH": {
      "n": 1277,
      "fpr": 0.08613938919342208
    },
    "SDL": {
      "n": 852,
      "fpr": 0.0035211267605633804
    },
    "SIT": {
      "n": 474,
      "fpr": 0.0
    },
    "SLH": {
      "n": 952,
      "fpr": 0.007352941176470588
    },
    "SLW": {
      "n": 1432,
      "fpr": 0.00558659217877095
    },
    "SRH": {
      "n": 1193,
      "fpr": 0.010896898575020955
    },
    "STD": {
      "n": 11966,
      "fpr": 0.0
    },
    "STN": {
      "n": 2238,
      "fpr": 0.0017873100983020554
    },
    "STU": {
      "n": 2238,
      "fpr": 0.0071492403932082215
    },
    "WAL": {
      "n": 11963,
      "fpr": 0.0
    }
  }
}